Unnamed: 0,kode,nama_tender,instansi,status_tender,hps,metode pascakualifikasi,metode pemilihan,metode evaluasi,kategori,9,10,11,12,13,kategori.1,pagu,hps_detail,nama_pemenang,alamat_pemenang,npwp_pemenang,penawaran_pemenang,preprocessing,hps_number,penawaran_pemenang_number,rekomendasi_harga_penawaran
2017,2696119,Pekerjaan Pendistribusian Kartu Indonesia Sehat Paket VI,Badan Penyelenggara Jaminan Sosial Kesehatan,Tender Sudah Selesai,"22,5 M",Pascakualifikasi Satu File,Tender Cepat,Harga Terendah Sistem Gugur,Jasa Lainnya,2,Nilai Kontrak belum dibuat,0.0,0.0,0,,,,,,,0,pekerjaan pendistribusian kartu indonesia sehat paket vi,22500000000.0,0.0,20417122656.409214
2093,2549119,Pekerjaan Pendistribusian Kartu Indonesia Sehat Paket V <span class='label label-warning'>Tender Ulang</span>,Badan Penyelenggara Jaminan Sosial Kesehatan,Tender Sudah Selesai,"53,1 M",Pascakualifikasi Satu File,Tender Cepat,Harga Terendah Sistem Gugur,Jasa Lainnya,2,Nilai Kontrak belum dibuat,0.0,0.0,0,,,,,,,0,pekerjaan pendistribusian kartu indonesia sehat paket v span class='label label-warning tender ulang /span,53100000000.0,0.0,48184409469.12576
2094,2548119,Pekerjaan Pendistribusian Kartu Indonesia Sehat Paket I <span class='label label-warning'>Tender Ulang</span>,Badan Penyelenggara Jaminan Sosial Kesehatan,Tender Sudah Selesai,"43,4 M",Pascakualifikasi Satu File,Tender Cepat,Harga Terendah Sistem Gugur,Jasa Lainnya,2,Nilai Kontrak belum dibuat,0.0,0.0,0,,,,,,,0,pekerjaan pendistribusian kartu indonesia sehat paket i span class='label label-warning tender ulang /span,43400000000.0,0.0,39382361035.029335
2108,2510119,Pekerjaan Pendistribusian Kartu Indonesia Sehat Paket IV,Badan Penyelenggara Jaminan Sosial Kesehatan,Tender Sudah Selesai,"47,2 M",Pascakualifikasi Satu File,Tender Cepat,Harga Terendah Sistem Gugur,Jasa Lainnya,2,Nilai Kontrak belum dibuat,0.0,0.0,0,,,,,,,0,pekerjaan pendistribusian kartu indonesia sehat paket iv,47200000000.0,0.0,42830586194.77845
2109,2509119,Pekerjaan Pendistribusian Kartu Indonesia Sehat Paket III,Badan Penyelenggara Jaminan Sosial Kesehatan,Tender Sudah Selesai,"19,8 M",Pascakualifikasi Satu File,Tender Cepat,Harga Terendah Sistem Gugur,Jasa Lainnya,2,Nilai Kontrak belum dibuat,0.0,0.0,0,,,,,,,0,pekerjaan pendistribusian kartu indonesia sehat paket iii,19800000000.0,0.0,17967067937.640114
2110,2508119,Pekerjaan Pendistribusian Kartu Indonesia Sehat Paket II,Badan Penyelenggara Jaminan Sosial Kesehatan,Tender Sudah Selesai,"8,3 M",Pascakualifikasi Satu File,Tender Cepat,Harga Terendah Sistem Gugur,Jasa Lainnya,2,Nilai Kontrak belum dibuat,0.0,0.0,0,,,,,,,0,pekerjaan pendistribusian kartu indonesia sehat paket ii,8300000000.000002,0.0,7531649691.030956
