Unnamed: 0,kode,nama_tender,instansi,status_tender,hps,metode pascakualifikasi,metode pemilihan,metode evaluasi,kategori,9,10,11,12,13,kategori.1,pagu,hps_detail,nama_pemenang,alamat_pemenang,npwp_pemenang,penawaran_pemenang,preprocessing,hps_number,penawaran_pemenang_number,rekomendasi_harga_penawaran
3060,738119,PENGADAAN PEMANCAR FM 10 KW SOLID STATE,Kementerian Pekerjaan Umum,Tender Sudah Selesai,993 Jt,Pascakualifikasi Satu File,Lelang Umum,Harga Terendah Sistem Gugur,Pengadaan Barang,1,Nilai Kontrak belum dibuat,0.0,0.0,0,Pengadaan Barang,"Rp 1.000.000.000,00","Rp 993.000.000,00",CV. MAHADEWI PERTIWI,Ruko BSD Sektor IV Blok RE No.55 BSD City Kel. Lengkong Wetan Kec. Serpong - Kota Tangerang Selatan  - Tangerang Selatan (Kota) - Banten,02.796.695.1-013.000,"Rp 987.800.000,00",pengadaan pemancar fm 10 kw solid state,993000000.0,987800000.0,901075679.9028604
3071,725119,Pembangunan Gedung Kantor LPP RRI Manokwari <span class='label label-warning'>Tender Ulang</span>,Kementerian Pekerjaan Umum,Tender Sudah Selesai,"10,7 M",Pascakualifikasi Satu File,Lelang Umum,Harga Terendah Sistem Gugur,Pekerjaan Konstruksi,1,Nilai Kontrak belum dibuat,0.0,0.0,0,Pekerjaan Konstruksi,"Rp 10.745.000.000,00","Rp 10.745.000.000,00",IRMA TIARA PUTRA,jl. trikora tamanria wosi manokwari  - Manokwari (Kab.) - Papua Barat,01.971.069.8-955.000,"Rp 9.237.700.000,00",pembangunan gedung kantor lpp rri manokwari span class='label label-warning tender ulang /span,10700000000.0,9237700000.0,9709476107.714607
3105,674119,Pengawasan Pembangunan Gedung Kantor RRI Manokwari <span class='label label-warning'>Seleksi Ulang</span>,Kementerian Pekerjaan Umum,Tender Sudah Selesai,"287,9 Jt",Prakualifikasi Satu File,Seleksi Umum,Biaya Terendah,Jasa Konsultansi Badan Usaha,1,Nilai Kontrak belum dibuat,0.0,0.0,0,Jasa Konsultansi Badan Usaha,"Rp 287.873.000,00","Rp 287.859.000,00",PT.KARYA CIPTA BANGUN,JL.Kebun Cengkeh Amban Manokwari-Papua Barat  - Manokwari (Kab.) - Papua Barat,21.043.010.4-995.000,0,pengawasan pembangunan gedung kantor rri manokwari span class='label label-warning seleksi ulang /span,287900000.0,0.0,261248427.23467612
3150,592119,Perencanaan Pembangunan Gedung Kantor RRI Manokwari <span class='label label-warning'>Seleksi Ulang</span>,Kementerian Pekerjaan Umum,Tender Sudah Selesai,418 Jt,Prakualifikasi Satu File,Seleksi Umum,Biaya Terendah,Jasa Konsultansi Badan Usaha,1,Nilai Kontrak belum dibuat,0.0,0.0,0,,,,,,,0,perencanaan pembangunan gedung kantor rri manokwari span class='label label-warning seleksi ulang /span,418000000.0,0.0,379304767.5724024
