Unnamed: 0,kode,nama_tender,instansi,status_tender,hps,metode pascakualifikasi,metode pemilihan,metode evaluasi,kategori,9,10,11,12,13,kategori.1,pagu,hps_detail,nama_pemenang,alamat_pemenang,npwp_pemenang,penawaran_pemenang,preprocessing,hps_number,penawaran_pemenang_number,rekomendasi_harga_penawaran
2106,2514119,Pengadaan Sapi Indukan,Kementerian Pertanian,Tender Sudah Selesai,"168,4 M",Pascakualifikasi Satu File,Tender Cepat,Harga Terendah Sistem Gugur,Pengadaan Barang,2,Nilai Kontrak belum dibuat,0.0,0.0,0,,,,,,,0,pengadaan sapi indukan,168400000000.0,0.0,152810820237.3028
2107,2513119,Pengadaan Sapi Indukan,Kementerian Pertanian,Tender Sudah Selesai,"95,4 M",Pascakualifikasi Satu File,Tender Cepat,Harga Terendah Sistem Gugur,Pengadaan Barang,2,Nilai Kontrak belum dibuat,0.0,0.0,0,,,,,,,0,pengadaan sapi indukan,95400000000.0,0.0,86568600063.1751
2173,2397119,Pengadaan Sapi Indukan Brahman Cross Import Paket IV,Kementerian Pertanian,Tender Sudah Selesai,"34,2 M",Pascakualifikasi Satu File,Tender Cepat,Harga Terendah Sistem Gugur,Pengadaan Barang,2,Nilai Kontrak belum dibuat,0.0,0.0,0,,,,,,,0,pengadaan sapi indukan brahman cross import paket iv,34200000000.000008,0.0,31034026437.74202
2174,2396119,Pengadaan Sapi Indukan Brahman Cross Import Paket III,Kementerian Pertanian,Tender Sudah Selesai,"83,4 M",Pascakualifikasi Satu File,Tender Cepat,Harga Terendah Sistem Gugur,Pengadaan Barang,2,Nilai Kontrak belum dibuat,0.0,0.0,0,,,,,,,0,pengadaan sapi indukan brahman cross import paket iii,83400000000.0,0.0,75679467979.75684
