Unnamed: 0,kode,nama_tender,instansi,status_tender,hps,metode pascakualifikasi,metode pemilihan,metode evaluasi,kategori,9,10,11,12,13,kategori.1,pagu,hps_detail,nama_pemenang,alamat_pemenang,npwp_pemenang,penawaran_pemenang,preprocessing,hps_number,penawaran_pemenang_number,rekomendasi_harga_penawaran
2066,2592119,Pengadaan Alat Pengolah Data Dit. Pembangunan Permukiman Transmigrasi,Kementerian Desa Pembangunan Daerah Tertinggal dan Transmigrasi RI,Tender Sudah Selesai,"537,9 Jt",Pascakualifikasi Satu File,Tender Cepat,Harga Terendah Sistem Gugur,Pengadaan Barang,2,Nilai Kontrak belum dibuat,0.0,0.0,0,,,,,,,0,pengadaan alat pengolah data dit pembangunan permukiman transmigrasi,537900000.0,0.0,488105345.6392232
2067,2590119,Pengadaan Alat Pengolah Data Dit. Perencanaan Pembangunan dan Pengembangan Transmigrasi,Kementerian Desa Pembangunan Daerah Tertinggal dan Transmigrasi RI,Tender Sudah Selesai,558 Jt,Pascakualifikasi Satu File,Tender Cepat,Harga Terendah Sistem Gugur,Pengadaan Barang,2,Nilai Kontrak belum dibuat,0.0,0.0,0,,,,,,,0,pengadaan alat pengolah data dit perencanaan pembangunan pengembangan transmigrasi,558000000.0,0.0,506344641.8789486
2068,2587119,Pengadaan Alat Pengolah Data Dit. Penataan Persebaran Penduduk,Kementerian Desa Pembangunan Daerah Tertinggal dan Transmigrasi RI,Tender Sudah Selesai,365 Jt,Pascakualifikasi Satu File,Tender Cepat,Harga Terendah Sistem Gugur,Pengadaan Barang,2,Nilai Kontrak belum dibuat,0.0,0.0,0,,,,,,,0,pengadaan alat pengolah data dit penataan persebaran penduduk,365000000.0,0.0,331211100.87063843
2069,2586119,Peralatan Pengolah Data Setditjen PKP2Trans,Kementerian Desa Pembangunan Daerah Tertinggal dan Transmigrasi RI,Tender Sudah Selesai,"463,4 Jt",Pascakualifikasi Satu File,Tender Cepat,Harga Terendah Sistem Gugur,Pengadaan Barang,2,Nilai Kontrak belum dibuat,0.0,0.0,0,,,,,,,0,peralatan pengolah data setditjen pkp2trans,463400000.0,0.0,420501983.9546681
2070,2583119,Pengadaan Alat Pengolah Data Dit. Penyediaan Tanah Transmigrasi,Kementerian Desa Pembangunan Daerah Tertinggal dan Transmigrasi RI,Tender Sudah Selesai,"691,5 Jt",Pascakualifikasi Satu File,Tender Cepat,Harga Terendah Sistem Gugur,Pengadaan Barang,2,Nilai Kontrak belum dibuat,0.0,0.0,0,,,,,,,0,pengadaan alat pengolah data dit penyediaan tanah transmigrasi,691500000.0,0.0,627486236.3069768
