Unnamed: 0,kode,nama_tender,instansi,status_tender,hps,metode pascakualifikasi,metode pemilihan,metode evaluasi,kategori,9,10,11,12,13,kategori.1,pagu,hps_detail,nama_pemenang,alamat_pemenang,npwp_pemenang,penawaran_pemenang,preprocessing,hps_number,penawaran_pemenang_number,rekomendasi_harga_penawaran
3041,773119,Rehabilitasi TK Islam Al Jihad Metro Pusat,Pemerintah Daerah Kota Metro,Tender Sudah Selesai,"348,6 Jt",Pascakualifikasi Satu File,Lelang Umum,Harga Terendah Sistem Gugur,Pekerjaan Konstruksi,1,Nilai Kontrak belum dibuat,0.0,0.0,0,Pekerjaan Konstruksi,"Rp 348.750.000,00","Rp 348.640.000,00",CV. TANGGUH SERASI,Jl. Raya Punggur Dusun 1 RT 01/01 Desa Tanggul Angin Kecamatan Punggur Kabupaten Lampung Tengah  - Lampung Tengah (Kab.) - Lampung,01.597.947.9-321.000,"Rp 346.640.000,00",rehabilitasi tk islam al jihad metro pusat,348600000.0,346640000.0,316329287.0233002
3052,751119,Pembangunan Jalan Lingkungan Jalan Menuju RS. Narkoba Kel. Karangrejo Kec. Metro Utara,Pemerintah Daerah Kota Metro,Tender Sudah Selesai,600 Jt,Pascakualifikasi Satu File,Lelang Pemilihan Langsung,Harga Terendah Sistem Gugur,Pekerjaan Konstruksi,1,Nilai Kontrak belum dibuat,0.0,0.0,0,Pekerjaan Konstruksi,"Rp 600.000.000,00","Rp 600.000.000,00",enam putra.cv,Jln Tulang Bawang 16 Metro  - Metro (Kota) - Lampung,01.660.569.3-321.000,"Rp 598.000.000,00",pembangunan jalan lingkungan jalan menuju rs narkoba kel karangrejo kec metro utara,600000000.0,598000000.0,544456604.1709125
3053,750119,Peningkatan Jalan s.d  Rigid Jl. Veteran Kel. Hadimulyo Barat Kec. Metro Pusat,Pemerintah Daerah Kota Metro,Tender Sudah Selesai,"2,2 M",Pascakualifikasi Satu File,Lelang Pemilihan Langsung,Harga Terendah Sistem Gugur,Pekerjaan Konstruksi,1,Nilai Kontrak belum dibuat,0.0,0.0,0,Pekerjaan Konstruksi,"Rp 2.200.000.000,00","Rp 2.199.500.000,00",CV. TIMUR KENCANA,Jl. Proklamator No. 157 Bandar Jaya Kec. Terbanggi Besar  - Lampung Tengah (Kab.) - Lampung,01.597.789.5-321.000,"Rp 2.133.650.000,00",peningkatan jalan s.d rigid jl veteran kel hadimulyo barat kec metro pusat,2200000000.0,2133650000.0,1996340881.960013
3057,742119,Pembangunan IPAL Rumah Sakit Umum Jend. Ahmad Yani Kota Metro,Pemerintah Daerah Kota Metro,Tender Sudah Selesai,"998,9 Jt",Pascakualifikasi Satu File,Lelang Pemilihan Langsung,Harga Terendah Sistem Gugur,Pekerjaan Konstruksi,1,Nilai Kontrak belum dibuat,0.0,0.0,0,Pekerjaan Konstruksi,"Rp 1.000.000.000,00","Rp 998.900.000,00",CV. ARTHA PRIMA INDAH,"Jl. Raya Centex No.23 B Rt. 011/003 Kel. Ciracas, Kec. Ciracas Jakarta Timur  - Jakarta Timur (Kota) - DKI Jakarta",01.979.865.1-009.000,"Rp 993.900.000,00",pembangunan ipal rumah sakit umum jend ahmad yani kota metro,998900000.0,993900000.0,906429503.1772076
